{
    "beginUpdateTimer": {
        "easeingType_": "EaseOutSine",
        "target_": 1.0
    },
    "directionalColor": {
        "a": 1.0,
        "b": 1.0,
        "g": 1.0,
        "r": 1.0
    },
    "directionalDirection": {
        "x": 0.4037458598613739,
        "y": -0.44481295347213745,
        "z": 0.7994565367698669
    },
    "directionalIntensity": 0.5899999737739563,
    "endColor": {
        "a": 1.0,
        "b": 0.10800474137067795,
        "g": 0.2544504702091217,
        "r": 0.381538450717926
    },
    "endDistance": 1024.0,
    "endIntensity": 7.239999771118164,
    "endPos": {
        "x": 0.0,
        "y": 80.0,
        "z": 0.0
    },
    "endUpdateTimer": {
        "easeingType_": "EaseInBack",
        "target_": 0.6399999856948853
    },
    "pointColor": {
        "a": 1.0,
        "b": 1.0,
        "g": 1.0,
        "r": 1.0
    },
    "pointDecay": 1.0,
    "pointIntensity": 0.800000011920929,
    "pointPos": {
        "x": 0.0,
        "y": 0.0,
        "z": 0.0
    },
    "pointRadius": 5.0,
    "spotCosAngle": 3.490000009536743,
    "spotCosFalloffStart": 1.0,
    "spotDecay": 2.5,
    "spotDirection": {
        "x": 0.0,
        "y": -1.0,
        "z": 0.0
    },
    "startColor": {
        "a": 1.0,
        "b": 0.17846155166625977,
        "g": 0.17846155166625977,
        "r": 0.17846155166625977
    },
    "startDistance": 0.0,
    "startIntensity": 0.0,
    "startPos": {
        "x": 0.0,
        "y": 80.0,
        "z": 0.0
    }
}