{
    "fovLerpRate_": 54.0,
    "maxFovY_": 0.7200000286102295,
    "minFovY_": 0.6000000238418579
}