{
    "lookLerpRate_": 4.400000095367432,
    "lookYawDirection_": "Left",
    "lookYawOffset_": 0.23999999463558197,
    "targetXRotation_": 0.1599999964237213
}