{
    "inputLerpRate_": 7.800000190734863,
    "mouseSensitivity_": {
        "x": 0.0020000000949949026,
        "y": 0.0020000000949949026
    },
    "padSensitivity_": {
        "x": 1.9199999570846558,
        "y": 2.880000114440918
    }
}