{
    "lerpRate_": {
        "x": 0.9599999785423279,
        "y": 0.9599999785423279,
        "z": 0.4000000059604645
    }
}