{
    "lerpRate_": {
        "x": 57.599998474121094,
        "y": 57.599998474121094,
        "z": 24.0
    }
}