{
    "maxPitch_": 0.2199999988079071,
    "minPitch_": -0.550000011920929
}