{
    "durationSec_": 0.7200000286102295,
    "easingType_": "EaseOutSine",
    "pitchRotateX_": 0.12999999523162842,
    "startAngleThresholdRad_": 0.0010000000474974513,
    "startFovThreshold_": 0.0010000000474974513,
    "startPosThreshold_": 0.009999999776482582
}