{
    "defaultFovY_": 0.6399999856948853,
    "lerpRate_": 7.199999809265137
}