{
    "finishFovEpsilon_": 0.10000000149011612,
    "finishPosEpsilon_": 0.10000000149011612,
    "finishRotateEpsilonDeg_": 0.10000000149011612,
    "fovHalfLife_": 0.03999999910593033,
    "maxBlendTime_": 0.8999999761581421,
    "pitchRotateX_": 0.10000000149011612,
    "posHalfLife_": 0.14000000059604645,
    "rotateHalfLife_": 0.14000000059604645
}