{
    "Follow": {
        "clampBlendSpeed_": 4.800000190734863,
        "defaultFovY_": 0.6399999856948853,
        "fovYLerpRate_": 7.199999809265137,
        "handoffBlendSpeed_": 19.200000762939453,
        "inputLerpRate_": 7.800000190734863,
        "lerpRate_": 9.600000381469727,
        "mouseSensitivity_": {
            "x": 2.5199999809265137,
            "y": 8.640000343322754
        },
        "offsetTranslation_": {
            "x": 4.652803653470983e-08,
            "y": 8.999970436096191,
            "z": -53.349674224853516
        },
        "offsetXLerpRate_": 0.9599999785423279,
        "offsetYLerpRate_": 0.9599999785423279,
        "offsetZLerpRate_": 4.800000190734863,
        "padSensitivity_": {
            "x": 1.9199999570846558,
            "y": 2.880000114440918
        },
        "rotateClampMinusX_": -0.4699999988079071,
        "rotateClampPlusX_": 0.12999999523162842,
        "rotateMinusParam_.clampThreshold": 0.14000000059604645,
        "rotateMinusParam_.offsetZNear": -32.0,
        "rotatePlusParam_.clampThreshold": 0.3199999928474426,
        "rotatePlusParam_.offsetZNear": -38.0,
        "rotateZLerpRate_": 2.4000000953674316
    }
}