{
    "AllyAttack": {
        "fovYLerpEasingType_": 10,
        "fovYLerpTime_": 0.4000000059604645,
        "lerpRate_": 0.23999999463558197,
        "offsetTranslation_": {
            "x": 0.0,
            "y": 6.400000095367432,
            "z": -54.0
        }
    },
    "Follow": {
    "clampBlendSpeed_": 4.8,
    "fovYLerpRate_": 7.2,
    "handoffBlendSpeed_": 19.2,
    "inputLerpRate_": 7.8,
    "lerpRate_": 9.6,
    "mouseSensitivity_": {
        "x": 2.52,
        "y": 8.64
    },
    "offsetTranslation_": {
        "x": 4.6528164432402264e-08,
        "y": 8.999970436096191,
        "z": -53.34969711303711
    },
    "offsetXLerpRate_": 0.96,
    "offsetYLerpRate_": 0.96,
    "offsetZLerpRate_": 4.8,
    "padSensitivity_": {
        "x": 1.92,
        "y": 2.88
    },
    "rotateClampMinusX_": -0.4699999988,
    "rotateClampPlusX_": 0.1299999952,
    "rotateMinusParam_.clampThreshold": 0.1400000006,
    "rotateMinusParam_.offsetZNear": -32.0,
    "rotatePlusParam_.clampThreshold": 0.3199999928,
    "rotatePlusParam_.offsetZNear": -38.0,
    "rotateZLerpRate_": 2.4
    },
    "ReturnDefaultRotate": {
        "TargetTime": {
            "Dash": 0.800000011920929,
            "Idle": 6.0,
            "Walk": 0.800000011920929
        },
        "Timer": {
            "easeingType_": "EaseOutQuad",
            "target_": 0.6399999856948853
        },
        "lerpThreshold_": 0.10000000149011612,
        "targetRotateX_": 0.1599999964237213
    },
    "Shake": {
        "shakeEasingType_": 14,
        "shakeOffsetYIntensity_": 6.400000095367432,
        "shakeTime_": 1.600000023841858,
        "shakeXZIntensity_": 0.23999999463558197
    },
    "StunAttack": {
        "lerpRate_": 0.23999999463558197,
        "offsetTranslation_": {
            "x": 0.0,
            "y": 9.0,
            "z": -54.0
        }
    },
    "SwitchAlly": {
        "lerpEasingType_": 10,
        "lerpRate_": 0.47999998927116394,
        "lerpTime_": 0.08799999952316284,
        "offsetTranslation_": {
            "x": 0.0,
            "y": 5.400000095367432,
            "z": -54.0
        },
        "targetFovY_": 0.2199999988079071
    }
}