{
    "ChargeAttack": {
        "exitTime_": 0.05999999865889549,
        "nextAnimDuration_": 0.1599999964237213,
        "rotationLerpRate_": 6.0,
        "singleBladeEffectScalingValue_": 1.0,
        "singleBladeMoveSpeed_": 64.0
    },
    "ContinuousAttack": {
        "attackOffsetTranslation_": -8.100000381469727,
        "easingType_": 15,
        "exitTime_": 0.07999999821186066,
        "firstSlashEffectOffset": {
            "x": 0.0,
            "y": 8.0,
            "z": 0.0
        },
        "lerpTime_": 0.07999999821186066,
        "nextAnimDuration_": 0.0,
        "rotationLerpRate_": 14.0,
        "secondSlashEffectOffset": {
            "x": 0.0,
            "y": 5.599999904632568,
            "z": 0.0
        },
        "thirdSlashEffectOffset": {
            "x": 0.0,
            "y": 8.100000381469727,
            "z": 0.0
        }
    },
    "Falter": {
        "backStepSpeed_": 0.0,
        "nextAnimDuration_": 0.0,
        "rotationLerpRate_": 0.0
    },
    "GreatAttack": {
        "ApproachAttack": {
            "MovePendulum": {
                "anchor": {
                    "x": 2.5679497718811035,
                    "y": 35.02881622314453,
                    "z": 40.56467819213867
                },
                "angle": 3.8499999046325684,
                "angularVelocity": 4.596442222595215,
                "currentPos": {
                    "x": -23.038427352905273,
                    "y": 2.9479713439941406,
                    "z": 24.251440048217773
                },
                "easingType": "EaseOutExpo",
                "halfApexAngle": 0.8199999928474426,
                "length": 44.16999816894531,
                "maxAngle": 5.663000106811523,
                "minAngle": 3.8499999046325684,
                "moveSpeed": 8.0600004196167
            },
            "PendulumMaxReachCount": 3,
            "PendulumOffset": {
                "x": 0.0,
                "y": 30.0,
                "z": 43.86000061035156
            },
            "PendulumRotateX": -0.10000000149011612,
            "StartMoveAnim": {
                "Loop": {
                    "loop": {
                        "loopCount": 1,
                        "type": "Repeat"
                    }
                },
                "ReturnTimer": {
                    "easeingType_": "Linear",
                    "target_": 0.0
                },
                "Timer": {
                    "easeingType_": "EaseOutSine",
                    "target_": 0.23999999463558197
                },
                "move_.end": {
                    "x": 27.80611228942871,
                    "y": 3.1718521118164063,
                    "z": 23.268505096435547
                },
                "move_.start": {
                    "x": -23.302520751953125,
                    "y": 0.800032913684845,
                    "z": 26.268041610717773
                },
                "useReturnTimer_": false
            }
        },
        "InOutAreaAttack": {
            "AttackKeyframeObject": {
                "Keys": [
                    {
                        "Transform": {
                            "isCompulsion_": false,
                            "isIgnoreParentScale": true,
                            "rotation": {
                                "w": 1.0,
                                "x": 0.0,
                                "y": 0.0,
                                "z": 0.0
                            },
                            "scale": {
                                "x": 2.4000000953674316,
                                "y": 2.4000000953674316,
                                "z": 2.4000000953674316
                            },
                            "translation": {
                                "x": -18.76816177368164,
                                "y": 0.4000000059604645,
                                "z": 44.4468879699707
                            }
                        },
                        "ease": "Linear",
                        "time": 0.0
                    },
                    {
                        "Transform": {
                            "isCompulsion_": false,
                            "isIgnoreParentScale": true,
                            "rotation": {
                                "w": 0.9791879653930664,
                                "x": 0.0,
                                "y": -0.20295555889606476,
                                "z": 0.0
                            },
                            "scale": {
                                "x": 2.400001287460327,
                                "y": 2.400001049041748,
                                "z": 2.400001287460327
                            },
                            "translation": {
                                "x": -6.5589494705200195,
                                "y": 0.3999999761581421,
                                "z": 47.3909797668457
                            }
                        },
                        "ease": "Linear",
                        "time": 0.149849995970726
                    },
                    {
                        "Transform": {
                            "isCompulsion_": false,
                            "isIgnoreParentScale": true,
                            "rotation": {
                                "w": 0.9772537350654602,
                                "x": 0.0,
                                "y": -0.21207359433174133,
                                "z": 0.0
                            },
                            "scale": {
                                "x": 2.4000024795532227,
                                "y": 2.400001287460327,
                                "z": 2.4000024795532227
                            },
                            "translation": {
                                "x": 9.248326301574707,
                                "y": 0.4000000059604645,
                                "z": 42.703468322753906
                            }
                        },
                        "ease": "Linear",
                        "time": 0.22680000960826874
                    },
                    {
                        "Transform": {
                            "isCompulsion_": false,
                            "isIgnoreParentScale": true,
                            "rotation": {
                                "w": 0.958627462387085,
                                "x": 0.0,
                                "y": -0.2846637964248657,
                                "z": 0.0
                            },
                            "scale": {
                                "x": 2.400001287460327,
                                "y": 2.4000015258789063,
                                "z": 2.400001287460327
                            },
                            "translation": {
                                "x": 19.196273803710938,
                                "y": 0.4000000059604645,
                                "z": 32.064998626708984
                            }
                        },
                        "ease": "Linear",
                        "time": 0.29109230637550354
                    },
                    {
                        "Transform": {
                            "isCompulsion_": false,
                            "isIgnoreParentScale": true,
                            "rotation": {
                                "w": 0.9813809394836426,
                                "x": 0.0,
                                "y": -0.1920715570449829,
                                "z": 0.0
                            },
                            "scale": {
                                "x": 2.400001287460327,
                                "y": 2.400001049041748,
                                "z": 2.400001287460327
                            },