{
    "ChargeAttack": {
        "exitTime_": 0.05999999865889549,
        "nextAnimDuration_": 0.1599999964237213,
        "rotationLerpRate_": 6.0,
        "singleBladeEffectScalingValue_": 1.0,
        "singleBladeMoveSpeed_": 64.0
    },
    "ContinuousAttack": {
        "attackOffsetTranslation_": -8.100000381469727,
        "easingType_": 15,
        "exitTime_": 0.07999999821186066,
        "firstSlashEffectOffset": {
            "x": 0.0,
            "y": 8.0,
            "z": 0.0
        },
        "lerpTime_": 0.07999999821186066,
        "nextAnimDuration_": 0.0,
        "rotationLerpRate_": 14.0,
        "secondSlashEffectOffset": {
            "x": 0.0,
            "y": 5.599999904632568,
            "z": 0.0
        },
        "thirdSlashEffectOffset": {
            "x": 0.0,
            "y": 8.100000381469727,
            "z": 0.0
        }
    },
    "Falter": {
        "backStepSpeed_": 0.0,
        "nextAnimDuration_": 0.0,
        "rotationLerpRate_": 0.0
    },
    "GreatAttack": {
        "ApproachAttack": {
            "MovePendulum": {
                "anchor": {
                    "x": 0.0,
                    "y": 18.700000762939453,
                    "z": 0.0
                },
                "angle": 6.276408672332764,
                "angularVelocity": 0.773337721824646,
                "currentPos": {
                    "x": 16.210216522216797,
                    "y": 2.313444137573242,
                    "z": -0.1098523959517479
                },
                "halfApexAngle": 0.7799999713897705,
                "length": 23.049999237060547,
                "maxAngle": 6.2831854820251465,
                "minAngle": 3.140000104904175
            }
        },
        "Charge": {
            "NextTimer": {
                "easeingType_": "Linear",
                "target_": 1.7999999523162842
            },
            "beginChargeEffectOffset": {
                "x": 0.0,
                "y": 0.0,
                "z": -11.399999618530273
            },
            "nextAnimDuration": 0.4000000059604645,
            "skyboxColor": {
                "a": 1.0,
                "b": 0.019607843831181526,
                "g": 0.0117647061124444,
                "r": 0.019607843831181526
            }
        },
        "Finish": {
            "NextTimer": {
                "easeingType_": "Linear",
                "target_": 2.200000047683716
            }
        },
        "InOutAreaAttack": null,
        "ProjectileAttack": null
    },
    "Idle": {
        "backStepSpeed_": -1.600000023841858,
        "nextAnimDuration_": 0.3199999928474426,
        "rotationLerpRate_": 8.0
    },
    "JumpAttack": {
        "JumpKeyframes": [
            {
                "x": -70.50275421142578,
                "y": 0.0,
                "z": -134.6970672607422
            },
            {
                "x": -100.35923767089844,
                "y": 20.0,
                "z": -146.2122344970703
            },
            {
                "x": -130.21572875976563,
                "y": 18.299999237060547,
                "z": -157.7274169921875
            },
            {
                "x": -160.07220458984375,
                "y": 0.0,
                "z": -169.24258422851563
            }
        ],
        "LerpTranslationXZ": {
            "Loop": {
                "loop": {
                    "loopCount": 1,
                    "type": "Repeat"
                }
            },
            "ReturnTimer": {
                "easeingType_": "Linear",
                "target_": 0.0
            },
            "Timer": {
                "easeingType_": "EaseInExpo",
                "target_": 0.5699999928474426
            },
            "move_.end": {
                "x": -160.07220458984375,
                "y": 0.6857172250747681,
                "z": -169.24258422851563
            },
            "move_.start": {
                "x": -70.50275421142578,
                "y": 0.0,
                "z": -134.6970672607422
            },
            "useReturnTimer_": false
        },
        "jumpEasing_": "EaseInQuad",
        "nextAnimDuration_": 0.1599999964237213,
        "rotationLerpRate_": 8.0,
        "slashEffectOffset_": {
            "x": 0.0,
            "y": 8.899999618530273,
            "z": 0.0
        },
        "targetDistance_": 16.0
    },
    "LightAttack": {
        "attackOffsetTranslation_": -8.600000381469727,
        "easingType_": 4,
        "exitTime_": 0.07999999821186066,
        "lerpTime_": 0.20000000298023224,
        "nextAnimDuration_": 0.03200000151991844,
        "rotationLerpRate_": 14.0,
        "slashEffectOffset_": {
            "x": 3.200000047683716,
            "y": 4.599999904632568,
            "z": 0.0
        }
    },
    "ProjectileAttack": {
        "LaunchTimer": {
            "easeingType_": "Linear",
            "target_": 0.7200000286102295
        },
        "bulletAttackDuration": 0.25999999046325684,
        "bulletCollisionRadius_": 4.0,
        "bulletLerpDuration_": 0.3199999928474426,
        "launchOffsetPos": {
            "x": 10.0,
            "y": -1.0,
            "z": 0.0
        },
        "launchTopPosY": 23.0,
        "nextAnimDuration_": 0.1599999964237213,
        "rotationLerpRate_": 4.800000190734863,
        "targetDistance_": 8.0
    },
    "RushAttack": {
        "attackCoolTime_": 0.8799999952316284,
        "divisionBladeMoveSpeed_": 96.0,
        "divisionOffsetAngle_": 7.199999809265137,
        "easingType_": 14,
        "fadeInTime_": 0.07999999821186066,
        "fadeOutTime_": 0.11999999731779099,
        "farRadius_": 130.0,
        "halfAngle_": 23.200000762939453,
        "lerpTime_": 0.6399999856948853,
        "nearRadius_": 20.0,
        "nextAnimDuration_": 0.03999999910593033,
        "rotationLerpRate_": 14.0,
        "singleBladeEffectScalingValue_": 1.600000023841858,
        "singleBladeMoveSpeed_": 128.0
    },
    "StrongAttack": {
        "attack2ndAnimDuration_": 0.05999999865889549,
        "attack2ndLerpTime_": 0.2800000011920929,
        "attackOffsetTranslation_": -9.0,
        "easingType_": 4,
        "exitTime_": 0.07999999821186066,
        "lightSlashOffset": {
            "x": 0.0,
            "y": 6.400000095367432,
            "z": 0.0
        },
        "nextAnimDuration_": 0.0020000000949949026,
        "rotationLerpRate_": 14.0,
        "strongSlashOffset": {
            "x": 0.0,
            "y": 6.0,
            "z": 0.0
        }
    },
    "Stun": {
        "maxAnimationCount_": 3,
        "nextAnimDuration_": 0.4000000059604645
    },
    "Teleport": {
        "easingType_": 14,
        "fadeInTime_": 0.07999999821186066,
        "fadeOutTime_": 0.11999999731779099,
        "farRadius_": 112.0,
        "halfAngle_": 16.0,
        "lerpTime_": 0.5400000214576721,
        "nearRadius_": 38.0,
        "nextAnimDuration_": 0.03999999910593033,
        "rotationLerpRate_": 8.0
    }
}