{
    "ChargeAttack": {
        "exitTime_": 0.05999999865889549,
        "nextAnimDuration_": 0.1599999964237213,
        "rotationLerpRate_": 6.0,
        "singleBladeEffectScalingValue_": 1.0,
        "singleBladeMoveSpeed_": 64.0
    },
    "ContinuousAttack": {
        "attackOffsetTranslation_": -8.100000381469727,
        "easingType_": 15,
        "exitTime_": 0.07999999821186066,
        "firstSlashEffectOffset": {
            "x": 0.0,
            "y": 8.0,
            "z": 0.0
        },
        "lerpTime_": 0.07999999821186066,
        "nextAnimDuration_": 0.0,
        "rotationLerpRate_": 14.0,
        "secondSlashEffectOffset": {
            "x": 0.0,
            "y": 5.599999904632568,
            "z": 0.0
        },
        "thirdSlashEffectOffset": {
            "x": 0.0,
            "y": 8.100000381469727,
            "z": 0.0
        }
    },
    "Falter": {
        "backStepSpeed_": 0.0,
        "nextAnimDuration_": 0.0,
        "rotationLerpRate_": 0.0
    },
    "GreatAttack": {
        "ApproachAttack": {
            "MovePendulum": {
                "anchor": {
                    "x": 63.11437225341797,
                    "y": 35.0288200378418,
                    "z": 82.45354461669922
                },
                "angle": 3.8299999237060547,
                "angularVelocity": 4.1060028076171875,
                "currentPos": {
                    "x": 33.76870346069336,
                    "y": 2.9973602294921875,
                    "z": 90.44142150878906
                },
                "easingType": "EaseInCubic",
                "halfApexAngle": 0.8199999928474426,
                "length": 44.16999816894531,
                "maxAngle": 5.833000183105469,
                "minAngle": 3.8299999237060547,
                "moveSpeed": 7.199999809265137
            },
            "PendulumMaxReachCount": 3,
            "PendulumOffset": {
                "x": 0.0,
                "y": 30.0,
                "z": 43.86000061035156
            },
            "PendulumRotateX": -0.10000000149011612,
            "StartMoveAnim": {
                "Loop": {
                    "loop": {
                        "loopCount": 1,
                        "type": "Repeat"
                    }
                },
                "ReturnTimer": {
                    "easeingType_": "Linear",
                    "target_": 0.0
                },
                "Timer": {
                    "easeingType_": "EaseOutSine",
                    "target_": 0.23999999463558197
                },
                "move_.end": {
                    "x": 73.32695007324219,
                    "y": 3.6427440643310547,
                    "z": 53.10041046142578
                },
                "move_.start": {
                    "x": 34.028831481933594,
                    "y": 3.009958505630493,
                    "z": 95.2529296875
                },
                "useReturnTimer_": false
            }
        },
        "Finish": {
            "NextTimer": {
                "easeingType_": "Linear",
                "target_": 2.200000047683716
            }
        },
        "InOutAreaAttack": null,
        "ProjectileAttack": null
    },
    "Idle": {
        "backStepSpeed_": -1.600000023841858,
        "nextAnimDuration_": 0.3199999928474426,
        "rotationLerpRate_": 8.0
    },
    "JumpAttack": {
        "JumpKeyframes": [
            {
                "x": 0.0,
                "y": 0.0,
                "z": 48.458438873291016
            },
            {
                "x": 0.0,
                "y": 20.0,
                "z": 16.305622100830078
            },
            {
                "x": 0.0,
                "y": 18.299999237060547,
                "z": -15.847188949584961
            },
            {
                "x": 0.0,
                "y": 0.0,
                "z": -48.0
            }
        ],
        "LerpTranslationXZ": {
            "Loop": {
                "loop": {
                    "loopCount": 1,
                    "type": "Repeat"
                }
            },
            "ReturnTimer": {
                "easeingType_": "Linear",
                "target_": 0.0
            },
            "Timer": {
                "easeingType_": "EaseInExpo",
                "target_": 0.5699999928474426
            },
            "move_.end": {
                "x": 0.0,
                "y": 0.8000004291534424,
                "z": -48.0
            },
            "move_.start": {
                "x": 0.0,
                "y": 0.8000030517578125,
                "z": 48.458438873291016
            },
            "useReturnTimer_": false
        },
        "jumpEasing_": "EaseInQuad",
        "nextAnimDuration_": 0.1599999964237213,
        "rotationLerpRate_": 8.0,
        "slashEffectOffset_": {
            "x": 0.0,
            "y": 8.899999618530273,
            "z": 0.0
        },
        "targetDistance_": 16.0
    },
    "LightAttack": {
        "attackOffsetTranslation_": -8.600000381469727,
        "easingType_": 4,
        "exitTime_": 0.07999999821186066,
        "lerpTime_": 0.20000000298023224,
        "nextAnimDuration_": 0.03200000151991844,
        "rotationLerpRate_": 14.0,
        "slashEffectOffset_": {
            "x": 3.200000047683716,
            "y": 4.599999904632568,
            "z": 0.0
        }
    },
    "ProjectileAttack": {
        "LaunchTimer": {
            "easeingType_": "Linear",
            "target_": 0.7200000286102295
        },
        "bulletAttackDuration": 0.25999999046325684,
        "bulletCollisionRadius_": 4.0,
        "bulletLerpDuration_": 0.3199999928474426,
        "launchOffsetPos": {
            "x": 10.0,
            "y": -1.0,
            "z": 0.0
        },
        "launchTopPosY": 23.0,
        "nextAnimDuration_": 0.1599999964237213,
        "rotationLerpRate_": 4.800000190734863,
        "targetDistance_": 8.0
    },
    "RushAttack": {
        "attackCoolTime_": 0.8799999952316284,
        "divisionBladeMoveSpeed_": 96.0,
        "divisionOffsetAngle_": 7.199999809265137,
        "easingType_": 14,
        "fadeInTime_": 0.07999999821186066,
        "fadeOutTime_": 0.11999999731779099,
        "farRadius_": 130.0,
        "halfAngle_": 23.200000762939453,
        "lerpTime_": 0.6399999856948853,
        "nearRadius_": 20.0,
        "nextAnimDuration_": 0.03999999910593033,
        "rotationLerpRate_": 14.0,
        "singleBladeEffectScalingValue_": 1.600000023841858,
        "singleBladeMoveSpeed_": 128.0
    },
    "StrongAttack": {
        "attack2ndAnimDuration_": 0.05999999865889549,
        "attack2ndLerpTime_": 0.2800000011920929,
        "attackOffsetTranslation_": -9.0,
        "easingType_": 4,
        "exitTime_": 0.07999999821186066,
        "lightSlashOffset": {
            "x": 0.0,
            "y": 6.400000095367432,
            "z": 0.0
        },
        "nextAnimDuration_": 0.0020000000949949026,
        "rotationLerpRate_": 14.0,
        "strongSlashOffset": {
            "x": 0.0,
            "y": 6.0,
            "z": 0.0
        }
    },
    "Stun": {
        "maxAnimationCount_": 3,
        "nextAnimDuration_": 0.4000000059604645
    },
    "Teleport": {
        "easingType_": 14,
        "fadeInTime_": 0.07999999821186066,
        "fadeOutTime_": 0.11999999731779099,
        "farRadius_": 112.0,
        "halfAngle_": 16.0,
        "lerpTime_": 0.5400000214576721,
        "nearRadius_": 38.0,
        "nextAnimDuration_": 0.03999999910593033,
        "rotationLerpRate_": 8.0
    }
}