{
    "Material0": {
        "castShadow": 1,
        "color": {
            "a": 1.0,
            "b": 0.1733510047197342,
            "g": 0.1733510047197342,
            "r": 0.1733510047197342
        },
        "emissionColor": {
            "x": 0.1733510047197342,
            "y": 0.1733510047197342,
            "z": 0.1733510047197342
        },
        "emissiveIntensity": 0.0,
        "enableBlinnPhongReflection": 1,
        "enableDithering": 0,
        "enableHalfLambert": 1,
        "enableImageBasedLighting": 0,
        "enableLighting": 1,
        "environmentCoefficient": 0.25,
        "phongRefShininess": 8.0,
        "shadowRate": 0.4000000059604645,
        "specularColor": {
            "x": 0.126153826713562,
            "y": 0.126153826713562,
            "z": 0.126153826713562
        },
        "uvRotate": {
            "x": 0.0,
            "y": 0.0,
            "z": 0.0
        },
        "uvScale": {
            "x": 1.0,
            "y": 1.0,
            "z": 1.0
        },
        "uvTranslate": {
            "x": 0.0,
            "y": 0.0,
            "z": 0.0
        }
    },
    "Material1": {
        "castShadow": 1,
        "color": {
            "a": 1.0,
            "b": 0.25979599356651306,
            "g": 0.25979599356651306,
            "r": 0.25979599356651306
        },
        "emissionColor": {
            "x": 0.25979599356651306,
            "y": 0.25979599356651306,
            "z": 0.25979599356651306
        },
        "emissiveIntensity": 0.0,
        "enableBlinnPhongReflection": 1,
        "enableDithering": 0,
        "enableHalfLambert": 1,
        "enableImageBasedLighting": 0,
        "enableLighting": 1,
        "environmentCoefficient": 0.25,
        "phongRefShininess": 16.0,
        "shadowRate": 0.4000000059604645,
        "specularColor": {
            "x": 0.2769230604171753,
            "y": 0.2769230604171753,
            "z": 0.2769230604171753
        },
        "uvRotate": {
            "x": 0.0,
            "y": 0.0,
            "z": 0.0
        },
        "uvScale": {
            "x": 1.0,
            "y": 1.0,
            "z": 1.0
        },
        "uvTranslate": {
            "x": 0.0,
            "y": 0.0,
            "z": 0.0
        }
    },
    "Material2": {
        "castShadow": 1,
        "color": {
            "a": 1.0,
            "b": 0.800000011920929,
            "g": 0.800000011920929,
            "r": 0.800000011920929
        },
        "emissionColor": {
            "x": 0.800000011920929,
            "y": 0.800000011920929,
            "z": 0.800000011920929
        },
        "emissiveIntensity": 0.0,
        "enableBlinnPhongReflection": 1,
        "enableDithering": 0,
        "enableHalfLambert": 1,
        "enableImageBasedLighting": 0,
        "enableLighting": 1,
        "environmentCoefficient": 0.25,
        "phongRefShininess": 16.0,
        "shadowRate": 0.4000000059604645,
        "specularColor": {
            "x": 0.20923078060150146,
            "y": 0.20923078060150146,
            "z": 0.20923078060150146
        },
        "uvRotate": {
            "x": 0.0,
            "y": 0.0,
            "z": 0.0
        },
        "uvScale": {
            "x": 1.0,
            "y": 1.0,
            "z": 1.0
        },
        "uvTranslate": {
            "x": 0.0,
            "y": 0.0,
            "z": 0.0
        }
    }
}