{
    "Material0": {
        "castShadow": 1,
        "color": {
            "a": 1.0,
            "b": 0.2799999713897705,
            "g": 0.2799999713897705,
            "r": 0.2799999713897705
        },
        "emissionColor": {
            "x": 0.3169230818748474,
            "y": 0.3169230818748474,
            "z": 0.3169230818748474
        },
        "emissiveIntensity": 0.4099999964237213,
        "enableBlinnPhongReflection": 1,
        "enableDithering": 1,
        "enableHalfLambert": 1,
        "enableImageBasedLighting": 0,
        "enableLighting": 1,
        "environmentCoefficient": 0.25,
        "phongRefShininess": 40.0,
        "shadowRate": 0.6399999856948853,
        "specularColor": {
            "x": 0.3046153783798218,
            "y": 0.3046153783798218,
            "z": 0.3046153783798218
        },
        "uvRotate": {
            "x": 0.0,
            "y": 0.0,
            "z": 0.0
        },
        "uvScale": {
            "x": 1.0,
            "y": 1.0,
            "z": 1.0
        },
        "uvTranslate": {
            "x": 0.0,
            "y": 0.0,
            "z": 0.0
        }
    },
    "Material1": {
        "castShadow": 1,
        "color": {
            "a": 1.0,
            "b": 0.06680499762296677,
            "g": 0.06680499762296677,
            "r": 0.06680499762296677
        },
        "emissionColor": {
            "x": 0.06680499762296677,
            "y": 0.06680499762296677,
            "z": 0.06680499762296677
        },
        "emissiveIntensity": 0.0,
        "enableBlinnPhongReflection": 1,
        "enableDithering": 1,
        "enableHalfLambert": 1,
        "enableImageBasedLighting": 0,
        "enableLighting": 1,
        "environmentCoefficient": 0.25,
        "phongRefShininess": 8.0,
        "shadowRate": 0.6399999856948853,
        "specularColor": {
            "x": 1.0,
            "y": 1.0,
            "z": 1.0
        },
        "uvRotate": {
            "x": 0.0,
            "y": 0.0,
            "z": 0.0
        },
        "uvScale": {
            "x": 1.0,
            "y": 1.0,
            "z": 1.0
        },
        "uvTranslate": {
            "x": 0.0,
            "y": 0.0,
            "z": 0.0
        }
    }
}